submission_id,speaker_name,speaker_email,company,talk_title,topic_tag,track_preference,session_length_min,submission_date,bio_short,experience_level,requires_av
e753bd3c-bf98-2779-4664-3da5906f5f48,Cara Cho,cara.cho@proseware.com,Proseware,Sovereign Cloud: what changed when our regulator weighed in,Cloud Strategy,Technical Deep Dive,30,2026-02-26,Cara Cho leads applied research at Proseware.,Advanced,True
68d9a64d-82dc-0b6f-7b71-c6bc8642168c,Felix Goh,felix.goh@tailwindtraders.com,Tailwind Traders,"AI Pair Working for analysts, lawyers, and PMs",AI in Workflows,Strategy,45,2026-02-26,Felix Goh leads applied research at Tailwind Traders.,Advanced,False
8445d6d1-c7c9-6719-dc4f-e57a3d475062,Devon Lima,devon.lima@adventureworks.com,Adventure Works,Co-Building with Customers: lessons from three pilots,Customer Stories,Technical Deep Dive,45,2026-03-07,Devon Lima manages the customer success org at Adventure Works.,Beginner,True
bbbbd41f-8077-bb63-e4e2-ce0c2228b504,Xio Hwang,xio.hwang@adventureworks.com,Adventure Works,Trust as a Feature: what customers actually buy,Customer Stories,Strategy,60,2026-04-15,Xio Hwang owns security architecture at Adventure Works.,Intermediate,True
9a5ff4d5-50de-649b-2dcf-b1958588485d,Ines Goh,ines.goh@tailwindtraders.com,Tailwind Traders,"Show, Don't Sell: customer demos as the new sales motion",Customer Stories,Strategy,60,2026-02-13,Ines Goh heads the field engineering team at Tailwind Traders.,Advanced,False
950d1969-4cc6-28aa-3593-4d44cf9c94ef,Willa Goh,willa.goh@treyresearch.com,Trey Research,"Shift-Left, but Honestly",Security and Compliance,Technical Deep Dive,60,2026-03-14,Willa Goh manages the customer success org at Trey Research.,Beginner,True
784f2538-d676-5265-7ce7-0438c065d011,Tess Martins,tess.martins@blueyonderairlines.com,Blue Yonder Airlines,DX as a P&L Conversation,Developer Experience,Technical Deep Dive,30,2026-04-01,Tess Martins leads applied research at Blue Yonder Airlines.,Advanced,True
1e976a66-8f5c-3cfa-19b9-e35784394c5b,Priya Eriksen,priya.eriksen@wideworldimporters.com,Wide World Importers,"Trust, but Verify: human review patterns for AI output",AI in Workflows,Workshop,45,2026-03-04,Priya Eriksen heads developer productivity at Wide World Importers.,Intermediate,True
e8a05eaf-8206-8cbe-4adb-60e6070aa3db,Zara Singh,zara.singh@consolidatedmessenger.com,Consolidated Messenger,From Support Ticket to Roadmap Item: closing the loop,Customer Stories,Technical Deep Dive,30,2026-02-18,Zara Singh manages the customer success org at Consolidated Messenger.,Beginner,True
5a848fae-e11b-df4b-f703-9d9200085ba2,Niko Diaz,niko.diaz@margiestravel.com,Margie's Travel,Trust as a Feature: what customers actually buy,Customer Stories,Workshop,45,2026-04-11,Niko Diaz heads the field engineering team at Margie's Travel.,Intermediate,True
78c8e1c5-ecf9-d07b-1c2f-0930f38b449d,Lara Joshi,lara.joshi@meridian.com,Meridian,"Press, Podcasts, and Pull Requests: a brand-presence playbook",Customer Stories,Strategy,30,2026-02-05,Lara Joshi leads marketing communications at Meridian.,Intermediate,True
2e32f03d-a472-872e-5bc9-0b6d489a5eab,Uma Rao,uma.rao@adventureworks.com,Adventure Works,"Trust, but Verify: human review patterns for AI output",AI in Workflows,Workshop,45,2026-03-27,Uma Rao heads the field engineering team at Adventure Works.,Beginner,False
bef3b766-8a49-2708-1b65-663227bb9453,Lior Yamada,lior.yamada@schooloffineart.com,School of Fine Art,Shipping AI copilots into production workflows,AI in Workflows,Technical Deep Dive,60,2026-04-26,Lior Yamada leads platform engineering at School of Fine Art.,Intermediate,True
840ce79f-0ed1-383f-a0ab-abb6f95c8911,Uma Cho,uma.cho@consolidatedmessenger.com,Consolidated Messenger,"Onboarding in Hours, Not Weeks",Developer Experience,Workshop,60,2026-02-19,Uma Cho leads the program management office at Consolidated Messenger.,Beginner,True
3da43380-77eb-20d8-e866-3e44eaabe7d1,Cyril Beck,cyril.beck@cohovineyard.com,Coho Vineyard,Data Contracts between platform and product,Data and Analytics,Workshop,45,2026-03-26,Cyril Beck owns the cloud governance function at Coho Vineyard.,Intermediate,False
7d388337-fdc7-c9b0-3731-bef4564452c4,Ada Goh,ada.goh@lucernepublishing.com,Lucerne Publishing,Decommissioning the Spreadsheet of Truth,Data and Analytics,Workshop,45,2026-04-07,Ada Goh leads the program management office at Lucerne Publishing.,Beginner,False
d30479f2-1153-97b9-25a6-4ae253ed4b72,Cyril Xu,cyril.xu@consolidatedmessenger.com,Consolidated Messenger,Internal Developer Platforms: pitched honestly,Developer Experience,Workshop,60,2026-03-24,Cyril Xu manages the customer success org at Consolidated Messenger.,Intermediate,True
9f40d86d-773d-0c54-ebc9-e572493b5659,Rumi Tanaka,rumi.tanaka@wideworldimporters.com,Wide World Importers,Trust as a Feature: what customers actually buy,Customer Stories,Technical Deep Dive,60,2026-03-11,Rumi Tanaka leads the program management office at Wide World Importers.,Advanced,False
78740410-8604-2407-4e5c-ba452833a7f0,Owen Hwang,owen.hwang@schooloffineart.com,School of Fine Art,Why I Stopped Calling It 'Tooling' and Started Calling It 'DX',Developer Experience,Technical Deep Dive,30,2026-02-03,Owen Hwang heads developer productivity at School of Fine Art.,Advanced,True
b3c3ed5e-4fca-8b36-76f5-7cbe4c9866a1,Tomas Tanaka,tomas.tanaka@alpineskihouse.com,Alpine Ski House,The Lakehouse Conversation we keep avoiding,Data and Analytics,Technical Deep Dive,60,2026-04-05,Tomas Tanaka owns the cloud governance function at Alpine Ski House.,Intermediate,False
eba0aedc-1ecd-4621-5179-849800cbf081,Ada Garza,ada.garza@litware.com,Litware,Closing the Tap: cloud spend governance that actually works,Cloud Strategy,Workshop,30,2026-04-07,Ada Garza manages the customer success org at Litware.,Advanced,True
eac64617-fec6-5164-54be-536f34f20611,Iris Vasquez,iris.vasquez@treyresearch.com,Trey Research,How We Survived Our First Pen Test,Security and Compliance,Strategy,60,2026-03-23,Iris Vasquez owns security architecture at Trey Research.,Advanced,True
031c4b89-6b68-d3b3-2fec-c5a90b72f69f,Devon Antonov,devon.antonov@wideworldimporters.com,Wide World Importers,The Ten-Minute Loop: AI-assisted research in product teams,AI in Workflows,Workshop,60,2026-03-17,Devon Antonov leads applied research at Wide World Importers.,Intermediate,True
c459ef7a-535b-e9cf-a695-9efcfa907975,Esme Patel,esme.patel@cohovineyard.com,Coho Vineyard,"Onboarding in Hours, Not Weeks",Developer Experience,Workshop,45,2026-02-27,Esme Patel owns the cloud governance function at Coho Vineyard.,Advanced,True
38b10dae-09bd-2cde-a5fd-9ea38af4eefb,Lior Eden,lior.eden@wideworldimporters.com,Wide World Importers,The Ten-Minute Loop: AI-assisted research in product teams,AI in Workflows,Technical Deep Dive,45,2026-02-02,Lior Eden owns the cloud governance function at Wide World Importers.,Beginner,True
4fa600ca-b000-9ee6-fbf6-49fd0d00a5f9,Sana Diaz,sana.diaz@vanarsdel.com,VanArsdel,"Real Numbers, Real Names: outcome stories from year one",Customer Stories,Technical Deep Dive,30,2026-02-04,Sana Diaz heads developer productivity at VanArsdel.,Intermediate,False
1350962c-254f-f3e5-b9e1-470c9ac4a9bc,Rumi Xu,rumi.xu@proseware.com,Proseware,"AI Pair Working for analysts, lawyers, and PMs",AI in Workflows,Strategy,45,2026-03-16,Rumi Xu owns the cloud governance function at Proseware.,Beginner,False
e652595c-3be6-b979-763e-c1bd31d81273,Priya Hwang,priya.hwang@alpineskihouse.com,Alpine Ski House,Cost Anomaly Detection without buying a third-party tool,Cloud Strategy,Workshop,45,2026-02-20,Priya Hwang owns the cloud governance function at Alpine Ski House.,Intermediate,True
314e7d6b-6619-8ed5-3d9c-c35ee131dd31,Nora Faulkner,nora.faulkner@lucernepublishing.com,Lucerne Publishing,From Pilot to Practice: AI assistants on the operations team,AI in Workflows,Workshop,60,2026-04-05,Nora Faulkner leads applied research at Lucerne Publishing.,Advanced,True
f157a095-d855-da6b-6f59-2420e54a7490,Otto Goh,otto.goh@contoso.com,Contoso,Zero Trust for an org that wasn't built for it,Security and Compliance,Technical Deep Dive,30,2026-04-22,Otto Goh drives data platform strategy at Contoso.,Intermediate,True
a4789c5b-a0c4-c0af-74ff-2cc3f87e025f,Iris Faulkner,iris.faulkner@proseware.com,Proseware,Hybrid by Design: where on-prem still wins,Cloud Strategy,Strategy,45,2026-04-22,Iris Faulkner heads the field engineering team at Proseware.,Advanced,False
077482c6-69ce-c798-aa3f-1cba384e6d92,Sven Iqbal,sven.iqbal@tailwindtraders.com,Tailwind Traders,Inside the Field: what our top accounts told us this year,Customer Stories,Workshop,45,2026-02-13,Sven Iqbal runs the FinOps practice at Tailwind Traders.,Beginner,False
f4f6def8-5689-c51f-1ede-b77543e92240,Anika Wong,anika.wong@adventureworks.com,Adventure Works,Voice of the Customer without the dashboards,Customer Stories,Workshop,45,2026-04-20,Anika Wong runs analytics and insights at Adventure Works.,Advanced,False
2f6353e5-742e-696e-48a0-01e073e07b4b,Nora Vasquez,nora.vasquez@tailwindtraders.com,Tailwind Traders,Region Strategy for a company that grew up in one zone,Cloud Strategy,Strategy,30,2026-03-02,Nora Vasquez heads developer productivity at Tailwind Traders.,Intermediate,False
12245e80-2163-2c5a-990f-d96c48de164d,Cyril Beck,cyril.beck@graphicdesigninstitute.com,Graphic Design Institute,"Architecting for Spend, Not Just Speed",Cloud Strategy,Workshop,30,2026-04-05,Cyril Beck leads the program management office at Graphic Design Institute.,Beginner,True
91d02ddf-b7e0-d33f-970f-baefde12c3e0,Otto Cho,otto.cho@fabrikam.com,Fabrikam,Sovereign Cloud: what changed when our regulator weighed in,Cloud Strategy,Workshop,45,2026-04-08,Otto Cho runs internal AI enablement at Fabrikam.,Intermediate,True
26d8dde4-a5fa-0654-d3d3-f5793b95e258,Rumi Dlamini,rumi.dlamini@lucernepublishing.com,Lucerne Publishing,The FinOps Conversation we should have had two years ago,Cloud Strategy,Workshop,30,2026-04-07,Rumi Dlamini runs analytics and insights at Lucerne Publishing.,Intermediate,True
93b36efa-dc46-dd76-16bd-78f700f6c9cf,Willa Okafor,willa.okafor@graphicdesigninstitute.com,Graphic Design Institute,The Lakehouse Conversation we keep avoiding,Data and Analytics,Strategy,45,2026-03-15,Willa Okafor leads the program management office at Graphic Design Institute.,Beginner,True
6bee31c2-60e9-e79e-38ce-0ef20497d1a5,Rafael Kovacs,rafael.kovacs@alpineskihouse.com,Alpine Ski House,Multi-Cloud Reality: what we cut and what we kept,Cloud Strategy,Strategy,45,2026-04-18,Rafael Kovacs heads developer productivity at Alpine Ski House.,Advanced,False
caf9fa3c-16f5-ed27-7680-d1337f8ee1bc,Anika Eden,anika.eden@contoso.com,Contoso,The Day-in-the-Life of a Tier 2 customer,Customer Stories,Workshop,60,2026-04-24,Anika Eden runs analytics and insights at Contoso.,Intermediate,False
f1ee4363-da9a-bda4-1c4a-6c8b52b44682,Baruch Faulkner,baruch.faulkner@cohovineyard.com,Coho Vineyard,Renewals as a Story Problem,Customer Stories,Strategy,60,2026-04-01,Baruch Faulkner runs internal AI enablement at Coho Vineyard.,Advanced,True
aa9bd196-c820-67b7-eaa7-261e29a8c8c0,Sana Lima,sana.lima@adventureworks.com,Adventure Works,How We Survived Our First Pen Test,Security and Compliance,Strategy,30,2026-04-10,Sana Lima runs analytics and insights at Adventure Works.,Advanced,True
f656677c-fee7-5654-c0d3-f83873c5583b,Willa Rao,willa.rao@vanarsdel.com,VanArsdel,Closing the Tap: cloud spend governance that actually works,Cloud Strategy,Workshop,30,2026-04-15,Willa Rao leads the program management office at VanArsdel.,Advanced,True
c7b450a1-30e1-7501-a622-fe807c9781d0,Maya Wong,maya.wong@fabrikam.com,Fabrikam,"What I Learned rolling Copilot out to 4,000 employees",AI in Workflows,Workshop,60,2026-04-07,Maya Wong leads the program management office at Fabrikam.,Intermediate,False
4c0560dc-dc03-f5ac-736e-0307531fac75,Yusuf Antonov,yusuf.antonov@wideworldimporters.com,Wide World Importers,Build Times and the case for treating them as a feature,Developer Experience,Technical Deep Dive,60,2026-02-12,Yusuf Antonov owns the cloud governance function at Wide World Importers.,Intermediate,False
a78139d6-9b58-a936-d151-bf2b49d654ae,Jules Abara,jules.abara@vanarsdel.com,VanArsdel,DX as a P&L Conversation,Developer Experience,Workshop,30,2026-03-19,Jules Abara drives data platform strategy at VanArsdel.,Intermediate,True
3ee4020d-c5a6-67ee-2e30-45c30024b116,Baruch Kowalski,baruch.kowalski@treyresearch.com,Trey Research,Onboarding with Copilot: what changed in our first 90 days,AI in Workflows,Workshop,60,2026-03-09,Baruch Kowalski manages the customer success org at Trey Research.,Intermediate,False
9e06bf75-cb8c-14fc-1cd4-5b6cd532c659,Marcus Okafor,marcus.okafor@fabrikam.com,Fabrikam,Sovereign Cloud: what changed when our regulator weighed in,Cloud Strategy,Workshop,30,2026-02-25,Marcus Okafor owns the cloud governance function at Fabrikam.,Intermediate,False
01ef145e-2ba2-d515-1d09-e1b60e12eb47,Rumi Cho,rumi.cho@alpineskihouse.com,Alpine Ski House,Decommissioning the Spreadsheet of Truth,Data and Analytics,Technical Deep Dive,30,2026-03-05,Rumi Cho manages the customer success org at Alpine Ski House.,Intermediate,False
808eb9be-caa7-3851-5f6d-d521381fda79,Finn Costa,finn.costa@lucernepublishing.com,Lucerne Publishing,Zero Trust for an org that wasn't built for it,Security and Compliance,Workshop,30,2026-04-03,Finn Costa leads the program management office at Lucerne Publishing.,Advanced,True
5fbe97c9-3583-b0b7-0c43-1821314d40e0,Priya Wong,priya.wong@litware.com,Litware,Selling Internally: telling our own story to leadership,Customer Stories,Strategy,60,2026-04-22,Priya Wong leads the program management office at Litware.,Intermediate,False
8d3d81f5-9a69-c06b-573a-f8500bd7d0ba,Zara Kovacs,zara.kovacs@proseware.com,Proseware,"Shift-Left, but Honestly",Security and Compliance,Strategy,60,2026-02-16,Zara Kovacs leads the program management office at Proseware.,Advanced,True
67042f0e-200d-1776-7a4b-86b69b379840,Yusuf Vasquez,yusuf.vasquez@meridian.com,Meridian,From CI Hell to a 7-Minute Loop,Developer Experience,Technical Deep Dive,45,2026-03-13,Yusuf Vasquez leads the program management office at Meridian.,Beginner,True
c5959bd8-eaa4-4c4b-f7c3-19745f900a9b,Lara Tanaka,lara.tanaka@consolidatedmessenger.com,Consolidated Messenger,"Show, Don't Sell: customer demos as the new sales motion",Customer Stories,Workshop,45,2026-04-04,Lara Tanaka leads the program management office at Consolidated Messenger.,Beginner,True
99cb073f-1558-6490-7c95-e085a3bccdec,Ada Martins,ada.martins@vanarsdel.com,VanArsdel,Decommissioning the Spreadsheet of Truth,Data and Analytics,Workshop,30,2026-03-10,Ada Martins heads the field engineering team at VanArsdel.,Advanced,True
18e782bd-e06b-3a7f-fbe3-504031066cfc,Xio Haidari,xio.haidari@graphicdesigninstitute.com,Graphic Design Institute,Data Contracts between platform and product,Data and Analytics,Strategy,60,2026-02-21,Xio Haidari runs the FinOps practice at Graphic Design Institute.,Advanced,True
97de1240-2e1c-6a19-fbcd-742f7f2b927c,Rumi Antonov,rumi.antonov@adventureworks.com,Adventure Works,From CI Hell to a 7-Minute Loop,Developer Experience,Technical Deep Dive,60,2026-02-28,Rumi Antonov runs internal AI enablement at Adventure Works.,Beginner,False
dbf6bd89-9e62-b3f1-9977-473dadf2d4a3,Ines Rao,ines.rao@blueyonderairlines.com,Blue Yonder Airlines,Zero Trust for an org that wasn't built for it,Security and Compliance,Strategy,45,2026-03-13,Ines Rao owns security architecture at Blue Yonder Airlines.,Beginner,False
69ae75d1-9685-0f16-9c99-e02ca0c3bf99,Pen Eriksen,pen.eriksen@alpineskihouse.com,Alpine Ski House,Designing Prompts for non-technical teammates,AI in Workflows,Workshop,60,2026-02-19,Pen Eriksen manages the customer success org at Alpine Ski House.,Advanced,False
d2fb7fdc-ac71-f997-9214-6fabf03a651d,Cara Diaz,cara.diaz@tailwindtraders.com,Tailwind Traders,Inside the Field: what our top accounts told us this year,Customer Stories,Strategy,30,2026-04-23,Cara Diaz leads applied research at Tailwind Traders.,Beginner,False
9e605d1c-0229-c5be-83a5-928ee752e093,Gus Tanaka,gus.tanaka@graphicdesigninstitute.com,Graphic Design Institute,Cost Anomaly Detection without buying a third-party tool,Cloud Strategy,Technical Deep Dive,45,2026-03-07,Gus Tanaka heads developer productivity at Graphic Design Institute.,Intermediate,True
9b2a362f-87c5-0ece-b2dc-5cd5c2adb922,Felix Antonov,felix.antonov@litware.com,Litware,The Day-in-the-Life of a Tier 2 customer,Customer Stories,Strategy,30,2026-04-08,Felix Antonov runs the FinOps practice at Litware.,Intermediate,False
05eb97bd-e69c-89b7-d568-d247e60037a1,Anika Nakagawa,anika.nakagawa@alpineskihouse.com,Alpine Ski House,"Compliance as Code: what worked, what didn't",Security and Compliance,Workshop,45,2026-03-12,Anika Nakagawa runs analytics and insights at Alpine Ski House.,Beginner,True
6741d229-9de8-a5db-10b9-7ace50356bf7,Tess Patel,tess.patel@consolidatedmessenger.com,Consolidated Messenger,"Shift-Left, but Honestly",Security and Compliance,Technical Deep Dive,30,2026-04-20,Tess Patel leads platform engineering at Consolidated Messenger.,Beginner,True
bfd63dcd-ee6d-8e35-65b3-49839c5e7233,Devon Jansen,devon.jansen@fabrikam.com,Fabrikam,Onboarding with Copilot: what changed in our first 90 days,AI in Workflows,Strategy,60,2026-04-02,Devon Jansen leads platform engineering at Fabrikam.,Intermediate,False
353e4b46-c70c-3dd3-1b08-820dd755dc12,Esme Lima,esme.lima@proseware.com,Proseware,Reading Around the Model: when to trust an AI summary,AI in Workflows,Technical Deep Dive,30,2026-02-10,Esme Lima owns the cloud governance function at Proseware.,Beginner,True
398d11ff-e93f-eef8-7b8c-53577f695819,Sana Hwang,sana.hwang@wideworldimporters.com,Wide World Importers,Data Contracts between platform and product,Data and Analytics,Strategy,45,2026-02-22,Sana Hwang manages the customer success org at Wide World Importers.,Advanced,False
4e30b453-614b-740c-d33e-933f75a9ff9f,Lara Goh,lara.goh@margiestravel.com,Margie's Travel,Why I Stopped Calling It 'Tooling' and Started Calling It 'DX',Developer Experience,Technical Deep Dive,60,2026-03-19,Lara Goh owns the cloud governance function at Margie's Travel.,Beginner,True
a4f66a66-3ec0-73fb-074b-e500e749a6a3,Dahlia Rao,dahlia.rao@litware.com,Litware,The Ten-Minute Loop: AI-assisted research in product teams,AI in Workflows,Workshop,45,2026-03-24,Dahlia Rao runs internal AI enablement at Litware.,Advanced,False
95b89e15-32df-fe4c-7f15-9dbafc962f4c,Kai Eden,kai.eden@northwind.com,Northwind,Beyond the Demo: real productivity wins from AI in workflows,AI in Workflows,Technical Deep Dive,60,2026-03-06,Kai Eden leads platform engineering at Northwind.,Advanced,True
d100865f-28ee-68b9-4256-b4227a1cf733,Niko Patel,niko.patel@treyresearch.com,Trey Research,The Quiet Heroism of Patching,Security and Compliance,Technical Deep Dive,45,2026-03-06,Niko Patel heads the field engineering team at Trey Research.,Beginner,True
92dfc295-2985-9a27-1d13-21956921d1aa,Jules Dlamini,jules.dlamini@blueyonderairlines.com,Blue Yonder Airlines,Stop Asking AI for answers; start asking it for options,AI in Workflows,Technical Deep Dive,60,2026-02-21,Jules Dlamini runs the FinOps practice at Blue Yonder Airlines.,Intermediate,False
258c8eeb-3242-04f8-5484-bc336ce4c2ee,Tomas Yamada,tomas.yamada@litware.com,Litware,Onboarding with Copilot: what changed in our first 90 days,AI in Workflows,Strategy,45,2026-03-09,Tomas Yamada leads applied research at Litware.,Intermediate,True
4adf95ba-6c47-ea57-cfbe-07fc90c9a548,Baruch Ueda,baruch.ueda@blueyonderairlines.com,Blue Yonder Airlines,Secrets Management without the side quests,Security and Compliance,Technical Deep Dive,45,2026-04-10,Baruch Ueda owns security architecture at Blue Yonder Airlines.,Intermediate,False
e8735c82-14ac-7aa9-ca49-614ea58c8c53,Dahlia Wong,dahlia.wong@northwind.com,Northwind,Telemetry as a Product Discipline,Data and Analytics,Technical Deep Dive,60,2026-04-21,Dahlia Wong heads developer productivity at Northwind.,Advanced,False
23c554e3-4278-0d3d-a1ea-093b8b6b4256,Rafael Hwang,rafael.hwang@alpineskihouse.com,Alpine Ski House,From Fear to Forecast: predictable cloud bills,Cloud Strategy,Strategy,30,2026-04-03,Rafael Hwang drives data platform strategy at Alpine Ski House.,Intermediate,True
c91ed5a0-f69e-9d22-aa8f-abc28cb4732c,Cyril Quintero,cyril.quintero@consolidatedmessenger.com,Consolidated Messenger,Renewals as a Story Problem,Customer Stories,Workshop,60,2026-04-22,Cyril Quintero runs analytics and insights at Consolidated Messenger.,Beginner,True
a6c99954-4a98-7da3-732c-827e5620eb2e,Finn Patel,finn.patel@litware.com,Litware,From Support Ticket to Roadmap Item: closing the loop,Customer Stories,Technical Deep Dive,60,2026-02-25,Finn Patel heads developer productivity at Litware.,Beginner,True
e19db468-f1d3-214d-29f9-9ae540d8d64d,Hana Lima,hana.lima@contoso.com,Contoso,Hybrid by Design: where on-prem still wins,Cloud Strategy,Strategy,45,2026-04-15,Hana Lima heads developer productivity at Contoso.,Beginner,True
e9582498-ecdc-f13b-b2d5-3a16a9e755ca,Nora Brennan,nora.brennan@worldwideimporters.com,World Wide Importers,Why I Stopped Calling It 'Tooling' and Started Calling It 'DX',Developer Experience,Workshop,30,2026-03-04,Nora Brennan runs the FinOps practice at World Wide Importers.,Advanced,False
2b7c76b5-9ef7-7ce0-16db-34e91e300bb1,Felix Garza,felix.garza@meridian.com,Meridian,Cost Anomaly Detection without buying a third-party tool,Cloud Strategy,Strategy,60,2026-02-23,Felix Garza owns security architecture at Meridian.,Beginner,False
1cc78049-179c-d50d-c758-955ae7ac4fe8,Baruch Quintero,baruch.quintero@northwind.com,Northwind,Threat Modeling for product teams who hate threat modeling,Security and Compliance,Strategy,60,2026-02-11,Baruch Quintero leads applied research at Northwind.,Advanced,False
8f3b9ffc-b07a-5f65-477d-66f2b6348924,Finn Rao,finn.rao@alpineskihouse.com,Alpine Ski House,Multi-Cloud Reality: what we cut and what we kept,Cloud Strategy,Technical Deep Dive,60,2026-02-02,Finn Rao leads applied research at Alpine Ski House.,Intermediate,True
a914735a-d96e-a6d0-f776-8ea3f326b911,Finn Kovacs,finn.kovacs@contoso.com,Contoso,Eliminating Toil without eliminating people,Developer Experience,Workshop,45,2026-03-13,Finn Kovacs leads platform engineering at Contoso.,Beginner,True
7694037c-42ef-8242-dba3-83d9abb0a682,Otto Eden,otto.eden@treyresearch.com,Trey Research,How AI changed our weekly status meeting,AI in Workflows,Strategy,60,2026-02-16,Otto Eden heads the field engineering team at Trey Research.,Advanced,True
37e3a829-9480-7ce5-a645-431ad9337108,Jonas Nakagawa,jonas.nakagawa@fabrikam.com,Fabrikam,"Trust, but Verify: human review patterns for AI output",AI in Workflows,Workshop,30,2026-02-03,Jonas Nakagawa leads platform engineering at Fabrikam.,Intermediate,True
4c4715b2-5dc2-bc7b-e93e-0600004095e2,Otto Xu,otto.xu@cohovineyard.com,Coho Vineyard,Beyond the Demo: real productivity wins from AI in workflows,AI in Workflows,Workshop,60,2026-02-03,Otto Xu leads platform engineering at Coho Vineyard.,Intermediate,False
522e2bd0-b745-d912-c606-ff3a24c55e65,Pen Okafor,pen.okafor@vanarsdel.com,VanArsdel,How AI changed our weekly status meeting,AI in Workflows,Workshop,60,2026-04-03,Pen Okafor heads the field engineering team at VanArsdel.,Intermediate,False
b16de746-d9f3-6a9e-3cb2-2d13711145e7,Tomas Lima,tomas.lima@proseware.com,Proseware,Region Strategy for a company that grew up in one zone,Cloud Strategy,Workshop,30,2026-03-09,Tomas Lima leads the program management office at Proseware.,Advanced,True
f53690c1-a402-215d-94d1-074e115abb22,Hassan Zhao,hassan.zhao@cohovineyard.com,Coho Vineyard,"Architecting for Spend, Not Just Speed",Cloud Strategy,Workshop,60,2026-04-03,Hassan Zhao owns the cloud governance function at Coho Vineyard.,Beginner,False
dbe2f558-b5e9-3d31-9c5c-3e8a8a9c5542,Zara Ueda,zara.ueda@tailwindtraders.com,Tailwind Traders,Multi-Cloud Reality: what we cut and what we kept,Cloud Strategy,Technical Deep Dive,60,2026-04-23,Zara Ueda owns security architecture at Tailwind Traders.,Intermediate,True
e62a53cf-375c-8066-0ae5-5f8860d72687,Ines Antonov,ines.antonov@cohovineyard.com,Coho Vineyard,Beyond the Demo: real productivity wins from AI in workflows,AI in Workflows,Technical Deep Dive,45,2026-03-24,Ines Antonov runs internal AI enablement at Coho Vineyard.,Beginner,True
cc5ff1c9-38fe-db13-a71d-1b9b7e1f786e,Felix Kowalski,felix.kowalski@wideworldimporters.com,Wide World Importers,Eliminating Toil without eliminating people,Developer Experience,Workshop,30,2026-04-26,Felix Kowalski owns the cloud governance function at Wide World Importers.,Advanced,True
f6796bdc-8492-fb9c-9129-b6c16f68dc47,Maya Brennan,maya.brennan@lucernepublishing.com,Lucerne Publishing,How AI changed our weekly status meeting,AI in Workflows,Workshop,60,2026-03-17,Maya Brennan owns the cloud governance function at Lucerne Publishing.,Beginner,False
362ef5e6-006e-55e8-80ad-b3a2cd6ac2a5,Pen Garza,pen.garza@margiestravel.com,Margie's Travel,"Architecting for Spend, Not Just Speed",Cloud Strategy,Strategy,60,2026-04-25,Pen Garza runs analytics and insights at Margie's Travel.,Beginner,False
5ef2a74d-6aee-b854-b7bd-322e06da1fcc,Gus Haidari,gus.haidari@adventureworks.com,Adventure Works,Build Times and the case for treating them as a feature,Developer Experience,Technical Deep Dive,30,2026-04-03,Gus Haidari leads platform engineering at Adventure Works.,Beginner,False
6b53632f-b068-94ae-8e0a-861fb1167c4d,Nora Rao,nora.rao@tailwindtraders.com,Tailwind Traders,"What I Learned rolling Copilot out to 4,000 employees",AI in Workflows,Strategy,45,2026-04-09,Nora Rao manages the customer success org at Tailwind Traders.,Beginner,False
8fe059bd-7a71-e266-ca1d-9a34bcd1bb0e,Esme Abara,esme.abara@margiestravel.com,Margie's Travel,Hybrid by Design: where on-prem still wins,Cloud Strategy,Technical Deep Dive,45,2026-02-18,Esme Abara heads developer productivity at Margie's Travel.,Advanced,False
7f1d2ea9-6360-7535-1492-66888fd3898a,Willa Abara,willa.abara@lucernepublishing.com,Lucerne Publishing,Secrets Management without the side quests,Security and Compliance,Technical Deep Dive,60,2026-03-07,Willa Abara drives data platform strategy at Lucerne Publishing.,Intermediate,False
927884ce-c694-96e7-2c2b-91463c0d6944,Baruch Fischer,baruch.fischer@contoso.com,Contoso,Beyond the Demo: real productivity wins from AI in workflows,AI in Workflows,Strategy,30,2026-04-26,Baruch Fischer drives data platform strategy at Contoso.,Beginner,False
43c6df7f-2637-bb39-0736-d897404d3ecc,Owen Martins,owen.martins@contoso.com,Contoso,Renewals as a Story Problem,Customer Stories,Technical Deep Dive,60,2026-02-12,Owen Martins owns the cloud governance function at Contoso.,Intermediate,False
3a9a4de2-e0be-3d5c-a844-07103d0477c0,Marcus Eriksen,marcus.eriksen@blueyonderairlines.com,Blue Yonder Airlines,The Customer Who Fired Us and what they taught us,Customer Stories,Workshop,30,2026-02-24,Marcus Eriksen owns the cloud governance function at Blue Yonder Airlines.,Intermediate,False
fe17746c-e8ea-02fe-6f12-a87f5500d295,Uma Yamada,uma.yamada@meridian.com,Meridian,Reading Around the Model: when to trust an AI summary,AI in Workflows,Technical Deep Dive,60,2026-02-25,Uma Yamada runs analytics and insights at Meridian.,Beginner,True
ae239568-23ff-5af2-cec6-b26a04242af9,Ines Faulkner,ines.faulkner@treyresearch.com,Trey Research,"Show, Don't Sell: customer demos as the new sales motion",Customer Stories,Workshop,30,2026-02-28,Ines Faulkner drives data platform strategy at Trey Research.,Beginner,False
1ccbbeae-3208-d175-4bc6-445bf0778ca0,Maya Xu,maya.xu@litware.com,Litware,Cost Anomaly Detection without buying a third-party tool,Cloud Strategy,Strategy,30,2026-02-04,Maya Xu leads applied research at Litware.,Beginner,False
707820a3-299a-c269-f91d-8b358e00f2b7,Willa Kowalski,willa.kowalski@cohovineyard.com,Coho Vineyard,DX as a P&L Conversation,Developer Experience,Strategy,60,2026-04-10,Willa Kowalski heads developer productivity at Coho Vineyard.,Beginner,False
a29023f0-c3a1-c407-809f-3acc1b27bf01,Kai Abara,kai.abara@lucernepublishing.com,Lucerne Publishing,Renewals as a Story Problem,Customer Stories,Technical Deep Dive,60,2026-02-25,Kai Abara manages the customer success org at Lucerne Publishing.,Beginner,False
b349f55e-8b2f-f47f-89bc-3ac6f38e932d,Lior Iqbal,lior.iqbal@contoso.com,Contoso,How We Survived Our First Pen Test,Security and Compliance,Technical Deep Dive,60,2026-02-08,Lior Iqbal runs the FinOps practice at Contoso.,Intermediate,False
3f41c961-7be3-8b47-c1a8-78150fa05798,Quinn Diaz,quinn.diaz@tailwindtraders.com,Tailwind Traders,From Audit to Advantage: treating compliance as a feature,Security and Compliance,Technical Deep Dive,30,2026-03-11,Quinn Diaz heads developer productivity at Tailwind Traders.,Beginner,True
56c4b8e4-de5e-94f8-5aa6-a14ad6e1726e,Quinn Brennan,quinn.brennan@tailwindtraders.com,Tailwind Traders,"What I Learned rolling Copilot out to 4,000 employees",AI in Workflows,Strategy,45,2026-03-05,Quinn Brennan runs analytics and insights at Tailwind Traders.,Beginner,False
895bee90-b7fb-45f4-1688-3a175c77a719,Devon Imai,devon.imai@schooloffineart.com,School of Fine Art,Renewals as a Story Problem,Customer Stories,Workshop,30,2026-02-23,Devon Imai manages the customer success org at School of Fine Art.,Advanced,False
b21df754-4144-c2c5-11d7-8591a9601750,Vince Wong,vince.wong@cohovineyard.com,Coho Vineyard,"What I Learned rolling Copilot out to 4,000 employees",AI in Workflows,Technical Deep Dive,45,2026-04-09,Vince Wong owns the cloud governance function at Coho Vineyard.,Advanced,False
c836f16d-b00f-3458-10f3-38bba9e9535d,Jonas Abara,jonas.abara@worldwideimporters.com,World Wide Importers,Co-Building with Customers: lessons from three pilots,Customer Stories,Workshop,30,2026-04-14,Jonas Abara drives data platform strategy at World Wide Importers.,Advanced,True
9120af0d-bbfc-380b-c57b-f0054ef54fa2,Elena Iqbal,elena.iqbal@graphicdesigninstitute.com,Graphic Design Institute,"Quality, Lineage, and Trust",Data and Analytics,Technical Deep Dive,30,2026-02-14,Elena Iqbal owns the cloud governance function at Graphic Design Institute.,Intermediate,False
f8998520-fa57-171e-92ba-14dbf407d991,Kai Beck,kai.beck@adventureworks.com,Adventure Works,Eliminating Toil without eliminating people,Developer Experience,Strategy,60,2026-03-27,Kai Beck drives data platform strategy at Adventure Works.,Advanced,True
756b186e-b1c8-fcba-a5a7-f75e9bace3df,Esme Iqbal,esme.iqbal@northwind.com,Northwind,Golden Paths for a fifteen-team monorepo,Developer Experience,Strategy,45,2026-04-25,Esme Iqbal leads platform engineering at Northwind.,Intermediate,False
21328991-9dd4-438a-73a3-d008a4477dab,Dahlia Beck,dahlia.beck@schooloffineart.com,School of Fine Art,Vendor Risk Reviews the engineering team will actually finish,Security and Compliance,Strategy,45,2026-04-10,Dahlia Beck owns the cloud governance function at School of Fine Art.,Intermediate,False
03050754-9bd9-fe6a-ba57-88e6e5a03295,Gita Iqbal,gita.iqbal@adventureworks.com,Adventure Works,Eliminating Toil without eliminating people,Developer Experience,Technical Deep Dive,45,2026-03-05,Gita Iqbal runs analytics and insights at Adventure Works.,Beginner,False
6164ade3-6dde-2f94-7f56-46e5ba597600,Cyril Jansen,cyril.jansen@proseware.com,Proseware,From Inbox to Insight: AI triage for customer signals,AI in Workflows,Workshop,45,2026-02-24,Cyril Jansen runs internal AI enablement at Proseware.,Beginner,False
13904547-aa0c-48a5-a650-dc5de50f20b5,Tess Kovacs,tess.kovacs@consolidatedmessenger.com,Consolidated Messenger,How AI changed our weekly status meeting,AI in Workflows,Workshop,60,2026-02-28,Tess Kovacs runs internal AI enablement at Consolidated Messenger.,Beginner,True
330294f3-340d-1f2b-19f3-0fc2e30a0ad8,Sana Xu,sana.xu@vanarsdel.com,VanArsdel,Workflow Surgery: swapping in an AI step without breaking the loop,AI in Workflows,Technical Deep Dive,60,2026-03-01,Sana Xu leads applied research at VanArsdel.,Beginner,True
be1117af-1890-7980-8f62-c3883a87a2c9,Hassan Haidari,hassan.haidari@tailwindtraders.com,Tailwind Traders,Our DX Quarterly Review: what we measure and why,Developer Experience,Strategy,60,2026-04-06,Hassan Haidari leads the program management office at Tailwind Traders.,Advanced,True
bb8ccbf8-487b-ece5-5650-2f25921a53a1,Vince Fischer,vince.fischer@wideworldimporters.com,Wide World Importers,Threat Modeling for product teams who hate threat modeling,Security and Compliance,Strategy,45,2026-03-16,Vince Fischer heads the field engineering team at Wide World Importers.,Beginner,True
458ee6ad-93a1-b5bf-02b2-95541b041d30,Hassan Martins,hassan.martins@tailwindtraders.com,Tailwind Traders,The Cost of Curiosity: metering ad-hoc analytics,Data and Analytics,Workshop,60,2026-02-18,Hassan Martins owns the cloud governance function at Tailwind Traders.,Intermediate,False
3d4ac54b-ae80-e039-2c44-bbe64a91a76f,Tess Ueda,tess.ueda@consolidatedmessenger.com,Consolidated Messenger,The Day-in-the-Life of a Tier 2 customer,Customer Stories,Technical Deep Dive,45,2026-04-09,Tess Ueda leads the program management office at Consolidated Messenger.,Advanced,True
bac2b0cf-669c-6f7e-b9c0-3d604b269698,Ada Haidari,ada.haidari@schooloffineart.com,School of Fine Art,Threat Modeling for product teams who hate threat modeling,Security and Compliance,Strategy,30,2026-02-03,Ada Haidari runs analytics and insights at School of Fine Art.,Advanced,True
6cc659ae-340d-8621-d368-eaa508c91d0c,Quinn Fischer,quinn.fischer@contoso.com,Contoso,The Cost of Curiosity: metering ad-hoc analytics,Data and Analytics,Strategy,30,2026-04-25,Quinn Fischer heads the field engineering team at Contoso.,Advanced,False
96864ceb-b084-e0d9-ed79-3a7741add0a0,Zara Xu,zara.xu@adventureworks.com,Adventure Works,Designing Prompts for non-technical teammates,AI in Workflows,Workshop,45,2026-02-14,Zara Xu runs the FinOps practice at Adventure Works.,Beginner,True
94abce6a-5ce0-90dc-0bd5-d860ee83bca8,Owen Haidari,owen.haidari@alpineskihouse.com,Alpine Ski House,Multi-Cloud Reality: what we cut and what we kept,Cloud Strategy,Strategy,45,2026-02-13,Owen Haidari runs analytics and insights at Alpine Ski House.,Beginner,False
c73d14b2-ce94-9455-77f9-4fde94f943ee,Finn Cho,finn.cho@vanarsdel.com,VanArsdel,Build Times and the case for treating them as a feature,Developer Experience,Workshop,30,2026-03-21,Finn Cho heads developer productivity at VanArsdel.,Beginner,True
8c109744-1197-d86f-cc3c-ba42d1c84abd,Ines Diaz,ines.diaz@meridian.com,Meridian,"What I Learned rolling Copilot out to 4,000 employees",AI in Workflows,Technical Deep Dive,60,2026-02-02,Ines Diaz leads platform engineering at Meridian.,Beginner,True
e686ad71-d5ee-ac3d-80fe-2ed1a8c0251e,Gus Rao,gus.rao@worldwideimporters.com,World Wide Importers,The Ten-Minute Loop: AI-assisted research in product teams,AI in Workflows,Strategy,45,2026-03-03,Gus Rao heads developer productivity at World Wide Importers.,Beginner,True
f368b355-a983-7a4a-8879-34e50a7697a3,Hassan Wong,hassan.wong@litware.com,Litware,Designing Prompts for non-technical teammates,AI in Workflows,Technical Deep Dive,60,2026-04-12,Hassan Wong leads applied research at Litware.,Intermediate,True
513d7106-9f11-bba2-3243-c9e9d41e062a,Lara Garza,lara.garza@contoso.com,Contoso,"What I Learned rolling Copilot out to 4,000 employees",AI in Workflows,Technical Deep Dive,30,2026-04-14,Lara Garza runs internal AI enablement at Contoso.,Intermediate,False
53db79b9-0503-efdc-f96e-9890206ebe13,Lior Kovacs,lior.kovacs@schooloffineart.com,School of Fine Art,Threat Modeling for product teams who hate threat modeling,Security and Compliance,Workshop,45,2026-02-02,Lior Kovacs runs analytics and insights at School of Fine Art.,Beginner,True
e7958434-7daa-f15f-89ab-11f003b0ca88,Cyril Quintero,cyril.quintero@blueyonderairlines.com,Blue Yonder Airlines,DX as a P&L Conversation,Developer Experience,Strategy,30,2026-03-01,Cyril Quintero runs analytics and insights at Blue Yonder Airlines.,Intermediate,True
836fdd22-d4a1-62c9-3b24-4f1fbe17c73b,Lior Vasquez,lior.vasquez@meridian.com,Meridian,Sovereign Cloud: what changed when our regulator weighed in,Cloud Strategy,Strategy,60,2026-03-13,Lior Vasquez leads the program management office at Meridian.,Intermediate,False
ca40d508-ed39-fafc-4eeb-39d963ba1964,Felix Martins,felix.martins@consolidatedmessenger.com,Consolidated Messenger,The Cost of Curiosity: metering ad-hoc analytics,Data and Analytics,Technical Deep Dive,45,2026-04-15,Felix Martins leads applied research at Consolidated Messenger.,Beginner,True
cb786ea2-0b48-1175-1e70-3150a124d1ed,Jonas Iqbal,jonas.iqbal@graphicdesigninstitute.com,Graphic Design Institute,From Dashboard to Decision: killing zombie reports,Data and Analytics,Workshop,30,2026-02-27,Jonas Iqbal drives data platform strategy at Graphic Design Institute.,Advanced,False
6d589354-610f-2ba5-ab3b-db7e3fe60e0c,Willa Dlamini,willa.dlamini@tailwindtraders.com,Tailwind Traders,Stop Asking AI for answers; start asking it for options,AI in Workflows,Strategy,60,2026-03-03,Willa Dlamini leads the program management office at Tailwind Traders.,Intermediate,False
ce44c7be-dec1-9db9-2fec-554f555c58ab,Elena Abara,elena.abara@fabrikam.com,Fabrikam,"Compliance as Code: what worked, what didn't",Security and Compliance,Workshop,30,2026-04-27,Elena Abara leads the program management office at Fabrikam.,Intermediate,False
a68dfed0-b817-87c3-4166-29b855867d31,Lara Okafor,lara.okafor@cohovineyard.com,Coho Vineyard,"Shift-Left, but Honestly",Security and Compliance,Strategy,60,2026-02-08,Lara Okafor manages the customer success org at Coho Vineyard.,Beginner,True
a9cbe52b-407d-2eb5-f17b-7c69d725841a,Willa Diaz,willa.diaz@vanarsdel.com,VanArsdel,Secrets Management without the side quests,Security and Compliance,Technical Deep Dive,45,2026-02-17,Willa Diaz runs analytics and insights at VanArsdel.,Beginner,True
9817a6d7-e5b9-ce86-7beb-fc75228f243f,Owen Haidari,owen.haidari@cohovineyard.com,Coho Vineyard,"Real Numbers, Real Names: outcome stories from year one",Customer Stories,Strategy,30,2026-02-08,Owen Haidari owns security architecture at Coho Vineyard.,Intermediate,True
6e3ff4bc-957c-683f-3c9a-18add470d8e3,Priya Martins,priya.martins@meridian.com,Meridian,From CI Hell to a 7-Minute Loop,Developer Experience,Technical Deep Dive,30,2026-02-26,Priya Martins leads platform engineering at Meridian.,Beginner,True
c09a80e1-efa7-4762-061f-b4c62489b045,Jules Dlamini,jules.dlamini@alpineskihouse.com,Alpine Ski House,How Meridian's Field Team actually uses the platform,Customer Stories,Strategy,30,2026-04-17,Jules Dlamini runs analytics and insights at Alpine Ski House.,Intermediate,True
5d37ce60-e2ac-1073-1fa0-b51ed636252f,Cara Beck,cara.beck@wideworldimporters.com,Wide World Importers,The Quiet Cost of poor local dev environments,Developer Experience,Technical Deep Dive,60,2026-04-22,Cara Beck leads applied research at Wide World Importers.,Advanced,False
2e3b1add-c684-e7b1-0c1e-498779674740,Dahlia Quintero,dahlia.quintero@lucernepublishing.com,Lucerne Publishing,"Trust, but Verify: human review patterns for AI output",AI in Workflows,Workshop,45,2026-03-26,Dahlia Quintero manages the customer success org at Lucerne Publishing.,Intermediate,False
07fbeb30-c085-6290-7965-ec0dc4e4d1c0,Tomas Dlamini,tomas.dlamini@wideworldimporters.com,Wide World Importers,The Cloud Bill Postmortem ritual our CFO asked for,Cloud Strategy,Strategy,30,2026-02-03,Tomas Dlamini heads the field engineering team at Wide World Importers.,Intermediate,True
510e219e-a1a2-faf0-94cc-92b63f2a0c98,Kim Xu,kim.xu@adventureworks.com,Adventure Works,From Fear to Forecast: predictable cloud bills,Cloud Strategy,Strategy,60,2026-02-22,Kim Xu leads applied research at Adventure Works.,Beginner,False
6a60ff06-bb3b-6cd5-b637-1d7acaf4ffb9,Bo Joshi,bo.joshi@fabrikam.com,Fabrikam,From Support Ticket to Roadmap Item: closing the loop,Customer Stories,Technical Deep Dive,30,2026-02-19,Bo Joshi heads developer productivity at Fabrikam.,Intermediate,True
43677845-3f80-8a72-67bb-7369753faa82,Dahlia Tanaka,dahlia.tanaka@consolidatedmessenger.com,Consolidated Messenger,"What I Learned rolling Copilot out to 4,000 employees",AI in Workflows,Technical Deep Dive,45,2026-04-28,Dahlia Tanaka leads applied research at Consolidated Messenger.,Advanced,True
f7c2c2e5-6e12-0144-6d91-8a45803a2c9c,Esme Patel,esme.patel@tailwindtraders.com,Tailwind Traders,Closing the Tap: cloud spend governance that actually works,Cloud Strategy,Workshop,60,2026-02-10,Esme Patel owns security architecture at Tailwind Traders.,Intermediate,False
84dd2d06-cb48-1167-f443-04b866a13d73,Lara Imai,lara.imai@vanarsdel.com,VanArsdel,The Quiet Cost of poor local dev environments,Developer Experience,Strategy,30,2026-02-13,Lara Imai runs internal AI enablement at VanArsdel.,Advanced,True
d114f558-b55f-e655-dbeb-784578b06fdc,Willa Imai,willa.imai@alpineskihouse.com,Alpine Ski House,Renewals as a Story Problem,Customer Stories,Strategy,45,2026-02-01,Willa Imai manages the customer success org at Alpine Ski House.,Beginner,False
4f5b02a3-15e9-c1fa-bb34-a2661008c705,Uma Dlamini,uma.dlamini@schooloffineart.com,School of Fine Art,Sovereign Cloud: what changed when our regulator weighed in,Cloud Strategy,Workshop,45,2026-02-03,Uma Dlamini runs internal AI enablement at School of Fine Art.,Advanced,True
371817a1-246d-d907-63fd-e57a63b16b21,Jonas Antonov,jonas.antonov@wideworldimporters.com,Wide World Importers,"Trust, but Verify: human review patterns for AI output",AI in Workflows,Strategy,60,2026-03-13,Jonas Antonov runs the FinOps practice at Wide World Importers.,Beginner,True
c26c3280-22ab-c92e-2496-1f71f64a9ed0,Felix Singh,felix.singh@alpineskihouse.com,Alpine Ski House,The Cost of Curiosity: metering ad-hoc analytics,Data and Analytics,Technical Deep Dive,60,2026-04-09,Felix Singh manages the customer success org at Alpine Ski House.,Intermediate,True
ce858a21-9c83-5ef8-9098-1367f107093f,Jules Jansen,jules.jansen@vanarsdel.com,VanArsdel,Phishing Drills that didn't tank trust on the team,Security and Compliance,Strategy,60,2026-02-20,Jules Jansen runs analytics and insights at VanArsdel.,Advanced,True
6e2931e4-8f5c-9b77-b5a4-d8236f9ccca6,Esme Cho,esme.cho@margiestravel.com,Margie's Travel,"Compliance as Code: what worked, what didn't",Security and Compliance,Technical Deep Dive,30,2026-04-07,Esme Cho runs the FinOps practice at Margie's Travel.,Advanced,False
574fdab4-b73f-195c-b31b-8ded38a5dc16,Zara Dlamini,zara.dlamini@lucernepublishing.com,Lucerne Publishing,Multi-Cloud Reality: what we cut and what we kept,Cloud Strategy,Strategy,45,2026-04-09,Zara Dlamini runs internal AI enablement at Lucerne Publishing.,Advanced,True
41763bbe-ff2a-79e4-258b-ed48b5b18b34,Iris Yamada,iris.yamada@consolidatedmessenger.com,Consolidated Messenger,"What I Learned rolling Copilot out to 4,000 employees",AI in Workflows,Strategy,45,2026-02-19,Iris Yamada leads applied research at Consolidated Messenger.,Advanced,True
e392ac4f-47a3-6c45-6e6d-17fb2b72a3ab,Gus Imai,gus.imai@worldwideimporters.com,World Wide Importers,Cost Anomaly Detection without buying a third-party tool,Cloud Strategy,Strategy,60,2026-04-04,Gus Imai manages the customer success org at World Wide Importers.,Advanced,True
54bb484a-f192-35e4-edf1-c6df81d667c6,Cyril Eden,cyril.eden@graphicdesigninstitute.com,Graphic Design Institute,The Ten-Minute Loop: AI-assisted research in product teams,AI in Workflows,Strategy,60,2026-03-11,Cyril Eden drives data platform strategy at Graphic Design Institute.,Beginner,False
ab0c0027-5202-ca03-97cc-958016604433,Gus Tanaka,gus.tanaka2@graphicdesigninstitute.com,Graphic Design Institute,From Dashboard to Decision: killing zombie reports,Data and Analytics,Technical Deep Dive,60,2026-03-20,Gus Tanaka runs analytics and insights at Graphic Design Institute.,Advanced,True
b4a616c6-daf4-0c69-64ec-0de57a752642,Kai Iqbal,kai.iqbal@tailwindtraders.com,Tailwind Traders,Quietly Useful: AI for the unglamorous middle office,AI in Workflows,Technical Deep Dive,45,2026-04-21,Kai Iqbal owns the cloud governance function at Tailwind Traders.,Intermediate,False
5a07e0c3-fb52-0c20-2f91-46fedad9f439,Lara Kovacs,lara.kovacs@graphicdesigninstitute.com,Graphic Design Institute,From Fear to Forecast: predictable cloud bills,Cloud Strategy,Technical Deep Dive,30,2026-03-17,Lara Kovacs heads developer productivity at Graphic Design Institute.,Beginner,False
86a0c7bc-cdbb-4819-5d20-1e1a72261ba4,Yusuf Quintero,yusuf.quintero@blueyonderairlines.com,Blue Yonder Airlines,Reserved Instances vs. serverless: a finance partnership story,Cloud Strategy,Strategy,30,2026-03-04,Yusuf Quintero owns security architecture at Blue Yonder Airlines.,Advanced,True
4f5798d2-71cb-a1c8-c48e-3ad48cc5637b,Gita Lima,gita.lima@adventureworks.com,Adventure Works,Golden Paths for a fifteen-team monorepo,Developer Experience,Workshop,30,2026-04-17,Gita Lima drives data platform strategy at Adventure Works.,Beginner,True
41c77313-d268-8bd4-0267-5e1e66ad8659,Yusuf Beck,yusuf.beck@proseware.com,Proseware,Eliminating Toil without eliminating people,Developer Experience,Workshop,60,2026-02-11,Yusuf Beck leads applied research at Proseware.,Beginner,False
2d18682a-506c-5365-9dd2-6269d810e4c4,Marcus Martins,marcus.martins@litware.com,Litware,Our DX Quarterly Review: what we measure and why,Developer Experience,Strategy,30,2026-03-17,Marcus Martins runs analytics and insights at Litware.,Beginner,False
8214ce41-9dd8-e9c5-4388-02b2128db5d1,Uma Diaz,uma.diaz@vanarsdel.com,VanArsdel,Internal Developer Platforms: pitched honestly,Developer Experience,Strategy,30,2026-02-28,Uma Diaz runs the FinOps practice at VanArsdel.,Intermediate,False
b98fd11e-31a6-95f7-64f7-c6d499ebac0b,Rafael Ueda,rafael.ueda@meridian.com,Meridian,Meridian on the Map: raising our external profile in 2026,Customer Stories,Strategy,30,2026-02-18,Rafael Ueda leads marketing communications at Meridian.,Intermediate,True
434f210e-c441-d04d-ada5-a89ee2c206d6,Iris Imai,iris.imai@cohovineyard.com,Coho Vineyard,Data Contracts between platform and product,Data and Analytics,Technical Deep Dive,45,2026-03-13,Iris Imai runs internal AI enablement at Coho Vineyard.,Beginner,False
b0624162-b6fe-32b2-7302-d20a0c7530a6,Nora Wong,nora.wong@schooloffineart.com,School of Fine Art,"Quality, Lineage, and Trust",Data and Analytics,Workshop,30,2026-03-24,Nora Wong owns security architecture at School of Fine Art.,Advanced,False
2aa1b022-101f-0696-9467-f997208c701d,Devon Wong,devon.wong@contoso.com,Contoso,Multi-Cloud Reality: what we cut and what we kept,Cloud Strategy,Strategy,60,2026-02-04,Devon Wong heads the field engineering team at Contoso.,Beginner,False
5545e1fb-8a6e-ca7b-badf-a8ac4317711f,Vince Kowalski,vince.kowalski@schooloffineart.com,School of Fine Art,Multi-Cloud Reality: what we cut and what we kept,Cloud Strategy,Technical Deep Dive,30,2026-02-10,Vince Kowalski owns the cloud governance function at School of Fine Art.,Intermediate,True
2a05bf30-fc2a-ebe6-b897-fb1406d17a8b,Sana Garza,sana.garza@wideworldimporters.com,Wide World Importers,"Compliance as Code: what worked, what didn't",Security and Compliance,Workshop,45,2026-02-15,Sana Garza manages the customer success org at Wide World Importers.,Intermediate,False
4c90be41-6331-b42c-a8c7-f1feb5527dae,Ines Haidari,ines.haidari@worldwideimporters.com,World Wide Importers,Golden Paths for a fifteen-team monorepo,Developer Experience,Technical Deep Dive,60,2026-02-19,Ines Haidari drives data platform strategy at World Wide Importers.,Intermediate,True
d9e73530-1805-dbb0-0b44-a41791cf21d4,Hassan Imai,hassan.imai@litware.com,Litware,Stop Asking AI for answers; start asking it for options,AI in Workflows,Technical Deep Dive,30,2026-04-14,Hassan Imai runs the FinOps practice at Litware.,Beginner,False
88c19bcd-4a2b-ea57-f297-434c15566196,Iris Faulkner,iris.faulkner@lucernepublishing.com,Lucerne Publishing,From Support Ticket to Roadmap Item: closing the loop,Customer Stories,Technical Deep Dive,45,2026-02-09,Iris Faulkner leads the program management office at Lucerne Publishing.,Intermediate,False
7f8c02a9-4288-7a2c-a043-3eb3e6f6377c,Nora Jansen,nora.jansen@schooloffineart.com,School of Fine Art,Inside the Field: what our top accounts told us this year,Customer Stories,Technical Deep Dive,30,2026-02-11,Nora Jansen runs analytics and insights at School of Fine Art.,Beginner,True
3d6941e9-81c8-75ec-5f65-a89e3675db23,Nora Garza,nora.garza@tailwindtraders.com,Tailwind Traders,Telemetry as a Product Discipline,Data and Analytics,Strategy,45,2026-02-06,Nora Garza runs analytics and insights at Tailwind Traders.,Advanced,True
8ed61cf7-4a2d-8379-2a59-c02865000b04,Niko Hwang,niko.hwang@treyresearch.com,Trey Research,The Quiet Heroism of Patching,Security and Compliance,Strategy,45,2026-04-04,Niko Hwang runs internal AI enablement at Trey Research.,Intermediate,False
efe50704-e21d-3721-4990-5c7d296af06a,Tomas Rao,tomas.rao@schooloffineart.com,School of Fine Art,"Quality, Lineage, and Trust",Data and Analytics,Technical Deep Dive,30,2026-04-07,Tomas Rao runs analytics and insights at School of Fine Art.,Advanced,True
92665774-4090-8a1d-a123-80d40e823e5a,Sana Brennan,sana.brennan@meridian.com,Meridian,Why Our Best Engineers Were Quietly Burning Out,Developer Experience,Workshop,45,2026-04-02,Sana Brennan runs the FinOps practice at Meridian.,Advanced,False
e4481e70-9d97-9cd7-c8a6-79404f303294,Vince Ueda,vince.ueda@litware.com,Litware,Reading Around the Model: when to trust an AI summary,AI in Workflows,Technical Deep Dive,45,2026-04-04,Vince Ueda leads the program management office at Litware.,Beginner,False
e78bd876-696b-ecc2-b3e4-7ee381f98e9e,Vince Eden,vince.eden@cohovineyard.com,Coho Vineyard,Renewals as a Story Problem,Customer Stories,Technical Deep Dive,30,2026-04-22,Vince Eden heads the field engineering team at Coho Vineyard.,Intermediate,False
43db28d6-e610-8b18-6c97-b4323ff7db7c,Owen Wong,owen.wong@blueyonderairlines.com,Blue Yonder Airlines,Workflow Surgery: swapping in an AI step without breaking the loop,AI in Workflows,Workshop,60,2026-04-06,Owen Wong drives data platform strategy at Blue Yonder Airlines.,Beginner,False
150f9c68-18f1-2a8c-ed08-76c7a224dd91,Dahlia Yamada,dahlia.yamada@graphicdesigninstitute.com,Graphic Design Institute,Inside the Field: what our top accounts told us this year,Customer Stories,Workshop,30,2026-04-04,Dahlia Yamada drives data platform strategy at Graphic Design Institute.,Beginner,False
324ffcc4-c683-6618-70b0-41e3c43f8094,Tomas Costa,tomas.costa@fabrikam.com,Fabrikam,Quietly Useful: AI for the unglamorous middle office,AI in Workflows,Workshop,60,2026-02-23,Tomas Costa runs internal AI enablement at Fabrikam.,Beginner,True
0df27819-8ef4-fb5c-a86e-25b975b1d766,Yusuf Zhao,yusuf.zhao@tailwindtraders.com,Tailwind Traders,"AI Pair Working for analysts, lawyers, and PMs",AI in Workflows,Workshop,60,2026-04-28,Yusuf Zhao leads platform engineering at Tailwind Traders.,Beginner,True
